Wafer_ID,Experiment,BCl3_Flow_S4_mean,BCl3_Flow_S5_mean,Cl2_Flow_S4_mean,Cl2_Flow_S5_mean,RF_Btm_Pwr_S4_mean,RF_Btm_Pwr_S5_mean,RF_Btm_Rfl_Pwr_S4_mean,RF_Btm_Rfl_Pwr_S5_mean,Endpt_A_S4_mean,Endpt_A_S5_mean,He_Press_S4_mean,He_Press_S5_mean,Pressure_S4_mean,Pressure_S5_mean,RF_Tuner_S4_mean,RF_Tuner_S5_mean,RF_Load_S4_mean,RF_Load_S5_mean,RF_Phase_Err_S4_mean,RF_Phase_Err_S5_mean,RF_Pwr_S4_mean,RF_Pwr_S5_mean,RF_Impedance_S4_mean,RF_Impedance_S5_mean,TCP_Tuner_S4_mean,TCP_Tuner_S5_mean,TCP_Phase_Err_S4_mean,TCP_Phase_Err_S5_mean,TCP_Impedance_S4_mean,TCP_Impedance_S5_mean,TCP_Top_Pwr_S4_mean,TCP_Top_Pwr_S5_mean,TCP_Rfl_Pwr_S4_mean,TCP_Rfl_Pwr_S5_mean,TCP_Load_S4_mean,TCP_Load_S5_mean,Vat_Valve_S4_mean,Vat_Valve_S5_mean
l2933,exp29,751.5106382978723,751.8490566037735,753.1063829787234,753.3584905660377,133.12765957446808,132.9811320754717,0.02127659574468085,0.0,1562.0212765957447,895.0943396226415,100.48936170212765,100.69811320754717,1187.7021276595744,1186.0943396226414,9460.659574468085,9477.943396226416,9051.234042553191,9013.811320754718,-906.4468085106383,-106.71698113207547,24.4468085106383,22.433962264150942,16522.40425531915,16669.528301886792,19421.44680851064,19516.264150943396,17.106382978723403,-50.9811320754717,16524.510638297874,16483.77358490566,349.48936170212767,348.92452830188677,0.14893617021276595,0.1320754716981132,27804.468085106382,27780.867924528302,48.91489361702128,49.75471698113208
l2932,exp29,751.6382978723404,751.7358490566038,753.2765957446809,753.3018867924528,132.80851063829786,133.1509433962264,0.06382978723404255,0.0,1562.127659574468,894.2264150943396,100.53191489361703,100.54716981132076,1188.1702127659576,1186.4528301886792,9455.425531914894,9475.301886792453,9054.659574468085,9013.358490566037,-890.3191489361702,-515.433962264151,24.4468085106383,22.9811320754717,16522.36170212766,16588.56603773585,19446.59574468085,19530.415094339623,-44.38297872340426,-154.56603773584905,16556.212765957447,16580.075471698114,349.40425531914894,348.8867924528302,0.2127659574468085,0.07547169811320754,27826.59574468085,27761.77358490566,48.93617021276596,49.679245283018865
l2909,exp29,751.5714285714286,751.75,753.1836734693877,753.1428571428571,133.18367346938774,133.21428571428572,0.0,0.0,1554.7755102040817,908.0357142857143,100.46938775510205,100.625,1188.530612244898,1185.9642857142858,9436.714285714286,9460.160714285714,9052.448979591836,9026.80357142857,-945.4489795918367,41.785714285714285,24.142857142857142,22.160714285714285,16560.755102040817,16610.535714285714,19454.0,19557.214285714286,-10.10204081632653,45.035714285714285,16468.85714285714,16463.64285714286,348.9387755102041,349.42857142857144,0.3469387755102041,0.17857142857142858,27835.428571428572,27743.178571428572,49.02040816326531,49.910714285714285
l2924,exp29,751.7446808510638,751.7115384615385,753.2553191489362,753.1153846153846,133.80851063829786,133.55769230769232,0.02127659574468085,0.0,1572.3191489361702,900.2307692307693,100.65957446808511,100.65384615384616,1188.872340425532,1185.8846153846155,9480.978723404256,9479.01923076923,9055.531914893618,9019.442307692309,-881.2127659574468,1.7307692307692308,23.595744680851062,22.173076923076923,16673.91489361702,16665.94230769231,19424.08510638298,19520.53846153846,16.25531914893617,-73.61538461538461,16616.0,16515.653846153848,348.70212765957444,349.40384615384613,0.19148936170212766,0.1346153846153846,27838.936170212764,27749.26923076923,48.97872340425532,49.82692307692308
l2929,exp29,751.5957446808511,751.7924528301887,753.1063829787234,753.3018867924528,133.6595744680851,133.1509433962264,0.02127659574468085,0.0,1563.7021276595744,895.6603773584906,100.76595744680851,100.66037735849056,1188.3617021276596,1185.622641509434,9461.234042553191,9485.169811320755,9051.744680851063,9014.77358490566,-801.9148936170212,5.132075471698113,24.80851063829787,22.79245283018868,16483.44680851064,16573.98113207547,19439.531914893618,19519.132075471698,137.36170212765958,-17.11320754716981,16459.659574468085,16441.056603773584,350.25531914893617,349.52830188679246,0.2127659574468085,0.03773584905660377,27828.127659574468,27716.188679245282,48.97872340425532,49.83018867924528
l2931,exp29,751.5208333333334,751.9230769230769,753.125,753.4038461538462,132.875,133.07692307692307,0.020833333333333332,0.0,1545.8125,895.0192307692307,100.54166666666667,100.67307692307692,1188.4375,1186.3461538461538,9444.25,9475.23076923077,9056.125,9017.826923076924,-877.4375,90.38461538461539,24.604166666666668,22.307692307692307,16495.0625,16703.173076923078,19459.208333333332,19518.653846153848,49.604166666666664,27.076923076923077,16508.625,16525.884615384617,350.2708333333333,348.46153846153845,0.375,0.15384615384615385,27842.875,27769.846153846152,48.958333333333336,49.82692307692308
l2935,exp29,751.6041666666666,751.811320754717,753.1458333333334,753.377358490566,133.0,133.1509433962264,0.0,0.0,1548.3958333333333,891.6415094339623,100.60416666666667,100.58490566037736,1188.7291666666667,1185.8301886792453,9469.604166666666,9484.377358490567,9045.1875,9022.830188679245,-1002.2083333333334,55.81132075471698,24.520833333333332,22.528301886792452,16503.0,16608.54716981132,19418.0,19505.69811320755,31.333333333333332,-43.75471698113208,16553.708333333332,16535.924528301886,348.9166666666667,349.49056603773585,0.3125,0.05660377358490566,27824.541666666668,27765.66037735849,48.958333333333336,49.83018867924528
l2903,exp29,751.46,751.7321428571429,753.32,753.125,133.36,133.07142857142858,0.0,0.0,1508.94,888.875,100.66,100.64285714285714,1188.2,1185.857142857143,9431.84,9459.160714285714,9054.34,9027.625,-1078.42,-16.857142857142858,23.24,21.678571428571427,16567.98,16649.48214285714,19463.36,19558.464285714286,-14.76,2.6607142857142856,16553.92,16555.428571428572,348.54,349.2142857142857,0.28,0.017857142857142856,27852.8,27722.571428571428,49.0,49.875
l2913,exp29,751.6938775510204,751.7454545454545,753.265306122449,753.2363636363636,133.57142857142858,133.4181818181818,0.0,0.0,1564.8163265306123,911.4363636363636,100.57142857142857,100.69090909090909,1188.0,1186.3454545454545,9469.877551020409,9467.527272727273,9048.69387755102,9020.072727272727,-759.6938775510204,-3.3454545454545452,23.979591836734695,21.98181818181818,16586.877551020407,16739.072727272727,19407.714285714286,19524.145454545454,32.53061224489796,-4.709090909090909,16553.14285714286,16458.21818181818,350.40816326530614,349.5090909090909,0.2653061224489796,0.12727272727272726,27837.591836734693,27731.418181818182,49.02040816326531,49.872727272727275
l2926,exp29,751.5869565217391,751.7592592592592,753.1739130434783,753.1851851851852,133.6086956521739,132.96296296296296,0.0,0.0,1575.608695652174,899.7592592592592,100.6086956521739,100.5925925925926,1188.5869565217392,1185.7962962962963,9468.217391304348,9479.277777777777,9050.391304347826,9028.277777777777,-966.7826086956521,99.14814814814815,24.152173913043477,22.22222222222222,16527.347826086956,16608.85185185185,19386.782608695652,19525.74074074074,45.15217391304348,-38.25925925925926,16531.608695652172,16446.11111111111,350.32608695652175,348.64814814814815,0.32608695652173914,0.09259259259259259,27853.08695652174,27743.0,48.93478260869565,49.7962962962963
l2927,exp29,751.531914893617,751.7547169811321,753.1489361702128,753.2641509433962,133.5744680851064,132.96226415094338,0.02127659574468085,0.0,1565.0212765957447,898.1698113207547,100.74468085106383,100.67924528301887,1188.468085106383,1185.9245283018868,9463.127659574468,9483.132075471698,9057.978723404256,9010.754716981131,-878.5531914893617,-533.9056603773585,24.382978723404257,22.67924528301887,16534.574468085106,16562.0,19436.0,19514.943396226416,-11.574468085106384,-19.39622641509434,16528.85106382979,16475.132075471698,349.17021276595744,350.22641509433964,0.19148936170212766,0.0,27843.617021276597,27728.30188679245,48.95744680851064,49.83018867924528
l2934,exp29,751.5833333333334,751.7962962962963,753.1875,753.2407407407408,133.04166666666666,133.40740740740742,0.0,0.0,1563.6458333333333,893.1296296296297,100.625,100.62962962962963,1188.3541666666667,1186.3333333333333,9447.9375,9476.62962962963,9056.416666666666,9021.24074074074,-593.9375,-14.61111111111111,24.645833333333332,22.833333333333332,16471.8125,16567.38888888889,19422.666666666668,19524.666666666668,-21.333333333333332,-54.370370370370374,16535.5,16454.62962962963,350.0208333333333,348.8888888888889,0.3125,0.09259259259259259,27858.291666666668,27747.074074074073,48.958333333333336,49.77777777777778
l2912,exp29,751.6734693877551,751.8363636363637,753.2448979591836,753.1454545454545,133.75510204081633,133.05454545454546,0.0,0.0,1567.6938775510205,909.1454545454545,100.61224489795919,100.65454545454546,1188.469387755102,1185.7818181818182,9455.061224489797,9467.872727272726,9054.081632653062,9023.618181818181,-795.3061224489796,31.672727272727272,24.26530612244898,22.10909090909091,16512.632653061224,16635.21818181818,19444.775510204083,19507.127272727274,42.61224489795919,-7.527272727272727,16523.14285714286,16508.69090909091,349.6326530612245,349.1636363636364,0.2653061224489796,0.07272727272727272,27852.326530612245,27737.745454545453,49.02040816326531,49.872727272727275
l2928,exp29,751.5416666666666,751.8703703703703,753.3125,753.1851851851852,133.39583333333334,133.33333333333334,0.0,0.018518518518518517,1568.625,899.0925925925926,100.45833333333333,100.61111111111111,1188.4583333333333,1185.9259259259259,9448.958333333334,9476.74074074074,9051.3125,9011.685185185184,-755.25,-91.70370370370371,24.625,22.425925925925927,16430.5625,16614.833333333332,19450.458333333332,19502.88888888889,-38.229166666666664,-73.55555555555556,16524.166666666668,16563.777777777777,348.6458333333333,349.9259259259259,0.25,0.05555555555555555,27838.541666666668,27767.444444444445,48.958333333333336,49.7962962962963
l2914,exp29,751.5833333333334,751.6545454545454,753.2291666666666,753.1636363636363,133.16666666666666,133.21818181818182,0.0,0.0,1570.4166666666667,908.7818181818182,100.58333333333333,100.56363636363636,1188.5208333333333,1186.1272727272728,9462.5,9480.636363636364,9049.854166666666,9018.872727272726,-727.1041666666666,65.18181818181819,23.916666666666668,22.09090909090909,16545.8125,16654.98181818182,19451.0,19521.890909090907,-3.8125,-22.654545454545456,16577.583333333332,16525.563636363637,349.6458333333333,350.05454545454546,0.2916666666666667,0.07272727272727272,27826.458333333332,27735.854545454546,48.979166666666664,49.872727272727275
l2905,exp29,751.6,751.8,753.2,753.0909090909091,133.24,133.12727272727273,0.0,0.0,1515.98,905.1454545454545,100.4,100.63636363636364,1189.38,1186.3818181818183,9435.92,9439.945454545454,9051.08,9027.363636363636,-912.2,231.16363636363636,23.4,21.454545454545453,16579.8,16694.272727272728,19470.0,19536.8,25.76,-33.236363636363635,16613.12,16468.8,348.84,349.7090909090909,0.16,0.09090909090909091,27826.72,27741.890909090907,49.04,49.90909090909091
l2930,exp29,751.4583333333334,751.8148148148148,753.3958333333334,753.2592592592592,132.8125,133.5185185185185,0.0,0.0,1568.2083333333333,899.5555555555555,100.60416666666667,100.44444444444444,1188.375,1186.351851851852,9455.729166666666,9472.351851851852,9050.0625,9012.87037037037,-829.0625,-157.24074074074073,24.8125,22.444444444444443,16445.145833333332,16682.12962962963,19406.666666666668,19509.74074074074,-23.895833333333332,15.537037037037036,16473.416666666668,16430.85185185185,349.0416666666667,349.98148148148147,0.2916666666666667,0.07407407407407407,27842.208333333332,27748.222222222223,48.9375,49.833333333333336
l2911,exp29,751.5510204081633,751.709090909091,753.1224489795918,753.2,133.24489795918367,133.2,0.0,0.01818181818181818,1556.6734693877552,908.290909090909,100.63265306122449,100.85454545454546,1188.2857142857142,1186.2,9456.714285714286,9466.4,9053.959183673469,9025.236363636364,-850.469387755102,109.65454545454546,24.346938775510203,21.8,16466.69387755102,16711.6,19470.69387755102,19512.98181818182,75.57142857142857,27.472727272727273,16473.95918367347,16469.854545454546,349.9183673469388,349.8545454545455,0.2653061224489796,0.07272727272727272,27793.14285714286,27738.727272727272,48.97959183673469,49.872727272727275
l2901,exp29,751.5283018867924,751.7457627118644,753.188679245283,753.1864406779661,133.67924528301887,133.27118644067798,0.018867924528301886,0.01694915254237288,1431.0943396226414,882.0508474576271,100.67924528301887,100.66101694915254,1188.9622641509434,1185.6440677966102,9419.22641509434,9448.898305084746,9065.981132075472,9033.966101694916,-809.7547169811321,233.79661016949152,24.11320754716981,21.322033898305083,16490.67924528302,16731.42372881356,19496.33962264151,19581.01694915254,25.79245283018868,-5.745762711864407,16610.377358490565,16503.898305084746,349.9811320754717,350.0169491525424,0.18867924528301888,0.03389830508474576,27817.509433962263,27720.101694915254,48.9811320754717,49.91525423728814
l2942,exp29,751.5,751.7058823529412,753.0652173913044,753.4313725490196,133.2608695652174,133.47058823529412,0.0,0.0,1557.9347826086957,887.3529411764706,100.45652173913044,100.41176470588235,1187.9565217391305,1186.0196078431372,9461.717391304348,9477.156862745098,9051.565217391304,9008.56862745098,-1049.8260869565217,-536.8039215686274,24.565217391304348,23.03921568627451,16496.956521739132,16580.823529411766,19418.82608695652,19498.78431372549,36.608695652173914,-14.019607843137255,16486.91304347826,16557.686274509804,349.67391304347825,348.52941176470586,0.41304347826086957,0.0196078431372549,27844.347826086956,27773.764705882353,48.93478260869565,49.8235294117647
l2921,exp29,751.6122448979592,751.7272727272727,753.2244897959183,753.0727272727273,132.77551020408163,133.4,0.0,0.0,1577.9591836734694,908.5454545454545,100.81632653061224,100.72727272727273,1189.3061224489795,1185.7818181818182,9461.142857142857,9476.309090909092,9052.836734693878,9021.50909090909,-885.8571428571429,69.41818181818182,24.367346938775512,22.21818181818182,16490.34693877551,16604.163636363635,19432.326530612245,19490.98181818182,-56.89795918367347,-1.290909090909091,16441.51020408163,16566.69090909091,349.48979591836735,348.8363636363636,0.22448979591836735,0.09090909090909091,27842.04081632653,27753.6,48.97959183673469,49.872727272727275
l2910,exp29,751.6122448979592,751.8,753.2857142857143,753.290909090909,133.6326530612245,133.34545454545454,0.0,0.0,1554.2857142857142,905.4363636363636,100.57142857142857,100.63636363636364,1190.3469387755101,1186.418181818182,9443.795918367347,9464.2,9054.040816326531,9014.981818181817,-964.7551020408164,-659.5090909090909,24.285714285714285,22.69090909090909,16457.551020408162,16560.072727272727,19453.877551020407,19518.69090909091,74.24489795918367,-40.872727272727275,16553.632653061224,16635.563636363637,349.83673469387753,349.41818181818184,0.24489795918367346,0.14545454545454545,27792.530612244896,27734.18181818182,49.02040816326531,49.90909090909091
l2943,exp29,751.5106382978723,751.8461538461538,753.1914893617021,753.4230769230769,133.38297872340425,133.09615384615384,0.02127659574468085,0.0,1547.468085106383,884.1346153846154,100.53191489361703,100.5576923076923,1189.5531914893618,1185.576923076923,9471.382978723404,9490.288461538461,9041.31914893617,9009.25,-1049.4468085106382,-491.59615384615387,25.319148936170212,23.96153846153846,16492.23404255319,16604.05769230769,19453.489361702126,19493.5,147.2127659574468,-99.67307692307692,16468.85106382979,16544.69230769231,350.3829787234043,349.28846153846155,0.3617021276595745,0.057692307692307696,27832.425531914894,27763.73076923077,48.93617021276596,49.82692307692308
l2907,exp29,751.52,751.8571428571429,753.22,753.2678571428571,133.1,133.32142857142858,0.0,0.0,1537.06,904.75,100.76,100.57142857142857,1189.66,1186.3035714285713,9434.64,9443.892857142857,9050.42,9027.07142857143,-825.56,101.0,23.8,21.875,16599.6,16684.48214285714,19457.76,19546.10714285714,-43.38,-5.196428571428571,16537.6,16457.14285714286,349.8,349.30357142857144,0.32,0.08928571428571429,27832.4,27724.571428571428,49.0,49.910714285714285
l2923,exp29,751.5208333333334,751.7358490566038,753.1041666666666,753.3396226415094,133.66666666666666,133.11320754716982,0.0,0.0,1559.7708333333333,898.9056603773585,100.60416666666667,100.62264150943396,1188.3541666666667,1186.7358490566037,9460.104166666666,9489.924528301886,9059.4375,9023.943396226416,-757.0208333333334,142.96226415094338,24.583333333333332,22.169811320754718,16521.791666666668,16617.0,19407.708333333332,19527.20754716981,88.54166666666667,-16.528301886792452,16526.625,16505.88679245283,348.4791666666667,348.9433962264151,0.2708333333333333,0.018867924528301886,27839.708333333332,27732.30188679245,48.9375,49.81132075471698
l2925,exp29,751.468085106383,751.8301886792453,753.3191489361702,753.1132075471698,132.9787234042553,133.39622641509433,0.0,0.0,1565.340425531915,898.6981132075472,100.70212765957447,100.67924528301887,1188.6382978723404,1185.8490566037735,9473.148936170213,9487.867924528302,9054.744680851063,9004.415094339623,-826.7021276595744,-443.1698113207547,24.106382978723403,22.81132075471698,16561.23404255319,16579.66037735849,19420.76595744681,19515.509433962263,-77.8936170212766,13.132075471698114,16511.531914893618,16551.735849056604,349.17021276595744,349.33962264150944,0.19148936170212766,0.05660377358490566,27837.44680851064,27774.188679245282,48.93617021276596,49.698113207547166
l2941,exp29,751.5434782608696,751.8076923076923,753.1521739130435,753.0384615384615,132.56521739130434,133.32692307692307,0.021739130434782608,0.019230769230769232,1554.2608695652175,881.5,100.6086956521739,100.61538461538461,1187.7826086956522,1185.9807692307693,9472.152173913044,9487.826923076924,9051.45652173913,9011.403846153846,-1055.108695652174,-446.28846153846155,24.76086956521739,22.923076923076923,16440.347826086956,16615.26923076923,19444.043478260868,19516.76923076923,20.282608695652176,-56.25,16525.739130434784,16555.423076923078,349.30434782608694,349.96153846153845,0.2391304347826087,0.11538461538461539,27838.82608695652,27746.884615384617,48.91304347826087,49.76923076923077
l2904,exp29,751.5918367346939,751.7818181818182,753.0612244897959,753.2545454545455,133.12244897959184,132.92727272727274,0.0,0.0,1509.1020408163265,895.0,100.53061224489795,100.74545454545455,1188.8163265306123,1186.1454545454546,9428.224489795919,9446.836363636363,9056.367346938776,9024.781818181818,-1078.061224489796,119.56363636363636,23.367346938775512,21.345454545454544,16542.0,16698.418181818182,19464.65306122449,19551.454545454544,-90.12244897959184,-62.96363636363636,16593.428571428572,16467.381818181817,349.46938775510205,350.6363636363636,0.24489795918367346,0.05454545454545454,27823.51020408163,27717.6,49.02040816326531,49.872727272727275
l2906,exp29,751.5,751.8421052631579,753.3,753.0877192982456,133.28,133.17543859649123,0.0,0.0,1526.64,906.4736842105264,100.52,100.6842105263158,1190.34,1186.3333333333333,9434.24,9443.754385964912,9046.4,9028.263157894737,-798.36,98.80701754385964,23.72,21.771929824561404,16543.96,16707.877192982458,19468.92,19526.140350877195,10.44,2.456140350877193,16483.72,16492.21052631579,349.86,349.50877192982455,0.26,0.017543859649122806,27812.2,27725.57894736842,49.06,49.87719298245614
l3128,exp31,751.5869565217391,751.9423076923077,753.2173913043479,753.2307692307693,133.2391304347826,133.5,0.0,0.057692307692307696,2564.282608695652,1442.2884615384614,100.43478260869566,100.75,1192.0434782608695,1186.8076923076924,9468.826086956522,9477.576923076924,9028.434782608696,8997.134615384615,-1156.9565217391305,-12.096153846153847,27.23913043478261,26.115384615384617,16719.978260869564,16738.26923076923,19399.478260869564,19536.576923076922,15.347826086956522,40.44230769230769,16541.260869565216,16534.615384615383,349.4130434782609,349.63461538461536,0.32608695652173914,0.15384615384615385,27792.130434782608,27685.26923076923,49.82608695652174,50.76923076923077
l3117,exp31,751.4893617021277,751.8301886792453,753.3617021276596,753.3396226415094,134.14893617021278,133.33962264150944,0.0,0.0,2549.021276595745,1487.6792452830189,100.80851063829788,100.56603773584905,1192.8510638297873,1187.245283018868,9460.170212765957,9476.433962264151,9029.08510638298,8990.698113207547,-1142.1063829787233,-443.0,27.72340425531915,26.67924528301887,16609.978723404256,16703.45283018868,19447.702127659573,19508.377358490565,-75.59574468085107,77.45283018867924,16644.63829787234,16568.79245283019,349.6170212765957,350.24528301886795,0.3617021276595745,0.1320754716981132,27799.489361702126,27729.471698113208,49.829787234042556,50.660377358490564
l3132,exp31,751.6170212765958,751.8490566037735,753.2340425531914,753.4716981132076,133.74468085106383,133.33962264150944,0.0,0.0,2555.68085106383,1438.3207547169811,100.44680851063829,100.79245283018868,1192.8085106382978,1187.4150943396226,9479.0,9450.471698113208,9030.08510638298,8997.283018867925,-1159.6382978723404,68.28301886792453,26.93617021276596,26.62264150943396,16781.702127659573,16582.264150943396,19449.14893617021,19563.094339622643,25.48936170212766,73.94339622641509,16525.787234042553,16507.094339622643,348.1063829787234,348.9811320754717,0.19148936170212766,0.05660377358490566,27807.531914893618,27676.45283018868,49.297872340425535,50.660377358490564
l3115,exp31,751.375,751.8888888888889,753.3125,753.3703703703703,133.02083333333334,133.46296296296296,0.020833333333333332,0.0,2581.5,1491.888888888889,100.70833333333333,100.79629629629629,1192.2708333333333,1187.0185185185185,9458.083333333334,9482.962962962964,9025.1875,9000.111111111111,-1251.7083333333333,33.833333333333336,27.729166666666668,26.074074074074073,16569.291666666668,16719.59259259259,19446.208333333332,19564.666666666668,25.75,32.648148148148145,16698.541666666668,16542.59259259259,348.5208333333333,348.94444444444446,0.3541666666666667,0.24074074074074073,27812.25,27727.59259259259,49.333333333333336,50.74074074074074
l3125,exp31,751.0,,752.3333333333334,,133.33333333333334,,0.0,,993.3333333333334,,100.33333333333333,,1262.6666666666667,,9444.0,,9013.0,,-1579.0,,30.0,,16558.0,,20074.666666666668,,130.33333333333334,,16320.666666666666,,351.6666666666667,,0.6666666666666666,,27460.666666666668,,49.0,
l3135,exp31,751.531914893617,751.7924528301887,753.3617021276596,753.377358490566,133.14893617021278,133.35849056603774,0.0,0.09433962264150944,2546.7021276595747,1440.622641509434,100.61702127659575,100.71698113207547,1192.127659574468,1186.9056603773586,9474.404255319148,9482.716981132075,9018.191489361701,8985.981132075472,-1398.7659574468084,261.37735849056605,27.574468085106382,26.735849056603772,16648.36170212766,16403.132075471698,19419.787234042553,19531.584905660377,-32.46808510638298,-9.641509433962264,16566.63829787234,16531.20754716981,349.9148936170213,348.58490566037733,0.2553191489361702,0.1509433962264151,27798.425531914894,27721.245283018867,49.297872340425535,50.62264150943396
l3108,exp31,751.5918367346939,751.8867924528302,753.3265306122449,753.3584905660377,133.3469387755102,133.18867924528303,0.0,0.018867924528301886,2569.326530612245,1498.5471698113208,100.81632653061224,100.77358490566037,1192.9591836734694,1186.9811320754718,9458.0,9479.075471698114,9026.510204081633,8986.094339622641,-1235.3877551020407,-141.16981132075472,27.612244897959183,26.150943396226417,16522.020408163266,16613.64150943396,19440.081632653062,19545.43396226415,-42.91836734693877,-84.84905660377359,16555.26530612245,16553.584905660377,349.83673469387753,349.0188679245283,0.2653061224489796,0.05660377358490566,27782.938775510203,27700.188679245282,49.795918367346935,50.83018867924528
l3129,exp31,751.5869565217391,751.8846153846154,753.2391304347826,753.3076923076923,133.54347826086956,133.34615384615384,0.0,0.0,2560.391304347826,1442.5961538461538,100.6086956521739,100.8076923076923,1192.3478260869565,1187.5,9460.54347826087,9474.75,9027.41304347826,8989.98076923077,-1193.7608695652175,-395.9423076923077,27.82608695652174,26.596153846153847,16582.739130434784,16655.903846153848,19445.17391304348,19555.53846153846,-116.19565217391305,-0.11538461538461539,16560.043478260868,16594.653846153848,350.82608695652175,348.88461538461536,0.2826086956521739,0.21153846153846154,27795.608695652172,27688.26923076923,49.32608695652174,50.69230769230769
l3104,exp31,751.5714285714286,751.7777777777778,753.1836734693877,753.2222222222222,133.26530612244898,133.75925925925927,0.0,0.0,2536.2448979591836,1504.7037037037037,100.63265306122449,100.61111111111111,1192.857142857143,1187.462962962963,9464.795918367347,9465.703703703704,9029.30612244898,9013.074074074075,-1345.8979591836735,19.35185185185185,27.571428571428573,25.703703703703702,16473.244897959183,16714.24074074074,19483.020408163266,19560.37037037037,-1.1020408163265305,-16.40740740740741,16558.163265306124,16479.444444444445,349.44897959183675,348.5925925925926,0.1836734693877551,0.07407407407407407,27781.061224489797,27688.296296296296,49.12244897959184,50.75925925925926
l3134,exp31,751.5208333333334,751.811320754717,753.25,753.4150943396227,133.02083333333334,133.24528301886792,0.020833333333333332,0.0,2530.3958333333335,1442.0566037735848,100.6875,100.79245283018868,1192.3125,1187.245283018868,9453.8125,9454.056603773584,9031.166666666666,8990.0,-1349.7916666666667,-372.6981132075472,27.791666666666668,26.81132075471698,16568.041666666668,16621.77358490566,19433.041666666668,19529.32075471698,-35.9375,-90.49056603773585,16551.125,16554.075471698114,347.9583333333333,349.24528301886795,0.3125,0.16981132075471697,27795.083333333332,27689.20754716981,49.291666666666664,50.64150943396226
l3101,exp31,751.6078431372549,751.8245614035088,753.3137254901961,753.2982456140351,133.4313725490196,133.49122807017545,0.0784313725490196,0.017543859649122806,2424.549019607843,1481.3333333333333,100.6470588235294,100.84210526315789,1191.3529411764705,1187.280701754386,9465.490196078432,9489.526315789473,9036.21568627451,8994.912280701754,-483.29411764705884,-354.7543859649123,27.274509803921568,25.0,16349.254901960785,16673.964912280702,19538.980392156864,19596.59649122807,-29.41176470588235,1.4210526315789473,16517.29411764706,16557.929824561405,349.98039215686276,349.859649122807,0.39215686274509803,0.07017543859649122,27782.392156862745,27688.947368421053,49.15686274509804,50.78947368421053
l3118,exp31,751.5957446808511,751.811320754717,753.1702127659574,753.2641509433962,133.2340425531915,133.28301886792454,0.0,0.018867924528301886,2560.0425531914893,1484.5283018867924,100.72340425531915,100.67924528301887,1192.3829787234042,1187.2075471698113,9465.553191489362,9459.924528301886,9026.765957446809,9000.094339622641,-1297.5531914893618,-488.811320754717,27.48936170212766,26.660377358490567,16616.59574468085,16614.811320754718,19437.191489361703,19489.094339622643,6.680851063829787,-132.64150943396226,16464.212765957447,16606.30188679245,349.40425531914894,348.6792452830189,0.19148936170212766,0.1320754716981132,27782.59574468085,27686.528301886792,49.319148936170215,50.660377358490564
l3112,exp31,751.5106382978723,751.8301886792453,753.2978723404256,753.433962264151,133.04255319148936,133.43396226415095,0.0,0.0,2576.148936170213,1493.2075471698113,100.51063829787235,100.54716981132076,1191.787234042553,1187.4150943396226,9468.404255319148,9464.11320754717,9024.510638297872,8993.056603773584,-1438.1489361702127,-521.0566037735849,27.638297872340427,26.528301886792452,16596.76595744681,16703.490566037737,19437.14893617021,19547.54716981132,-17.97872340425532,51.60377358490566,16577.957446808512,16569.132075471698,348.74468085106383,349.0,0.40425531914893614,0.18867924528301888,27783.36170212766,27719.20754716981,49.46808510638298,50.75471698113208
l3140,exp31,751.5744680851063,751.8653846153846,753.1276595744681,753.2307692307693,133.63829787234042,133.26923076923077,0.02127659574468085,0.15384615384615385,2492.063829787234,1432.0576923076924,100.55319148936171,100.9423076923077,1194.063829787234,1187.0961538461538,9477.553191489362,9484.192307692309,9020.297872340425,8975.442307692309,-1347.6808510638298,217.84615384615384,27.127659574468087,26.923076923076923,16725.936170212764,16314.653846153846,19443.106382978724,19566.884615384617,-39.8936170212766,-6.519230769230769,16629.617021276597,16479.384615384617,348.6808510638298,349.84615384615387,0.3404255319148936,0.25,27817.617021276597,27717.46153846154,49.5531914893617,50.69230769230769
l3102,exp31,751.5714285714286,751.875,753.3469387755102,753.2678571428571,133.24489795918367,133.39285714285714,0.0,0.0,2487.122448979592,1486.3214285714287,100.81632653061224,100.67857142857143,1192.4285714285713,1187.0,9462.081632653062,9475.107142857143,9034.102040816326,8995.125,-1208.5510204081634,-283.89285714285717,27.081632653061224,25.410714285714285,16483.551020408162,16727.714285714286,19500.938775510203,19595.39285714286,-49.38775510204081,15.25,16478.448979591838,16556.85714285714,349.9183673469388,349.14285714285717,0.32653061224489793,0.08928571428571429,27784.122448979593,27675.285714285714,49.16326530612245,50.785714285714285
l3114,exp31,751.5744680851063,751.7735849056604,753.2127659574468,753.2264150943396,133.04255319148936,133.1320754716981,0.0,0.03773584905660377,2575.6382978723404,1492.2264150943397,100.53191489361703,100.75471698113208,1192.1702127659576,1186.7358490566037,9465.702127659575,9474.66037735849,9035.27659574468,8986.018867924528,-1395.659574468085,193.39622641509433,27.4468085106383,27.037735849056602,16622.59574468085,16301.867924528302,19438.0,19550.98113207547,-90.97872340425532,-15.283018867924529,16589.489361702126,16481.396226415094,349.0851063829787,348.22641509433964,0.2553191489361702,0.20754716981132076,27793.574468085106,27716.264150943396,49.765957446808514,50.735849056603776
l3105,exp31,751.5918367346939,751.8363636363637,753.265306122449,753.1636363636363,132.9591836734694,133.01818181818183,0.0,0.0,2539.591836734694,1504.1090909090908,100.59183673469387,100.83636363636364,1192.2857142857142,1187.4,9462.163265306122,9471.4,9037.469387755102,8995.781818181818,-1204.3673469387754,-62.345454545454544,27.591836734693878,25.6,16543.244897959183,16669.418181818182,19469.877551020407,19578.763636363637,-63.204081632653065,-181.52727272727273,16572.448979591838,16523.78181818182,349.0408163265306,350.8545454545455,0.2653061224489796,0.09090909090909091,27766.20408163265,27683.52727272727,49.16326530612245,50.72727272727273
l3123,exp31,751.6595744680851,751.8679245283018,753.3404255319149,753.377358490566,133.38297872340425,133.0754716981132,0.02127659574468085,0.018867924528301886,2580.659574468085,1454.9056603773586,100.74468085106383,100.73584905660377,1192.4468085106382,1186.8490566037735,9465.936170212766,9485.33962264151,9025.08510638298,8983.094339622641,-1230.404255319149,-376.7358490566038,27.617021276595743,26.39622641509434,16549.36170212766,16639.132075471698,19451.36170212766,19539.169811320753,17.46808510638298,52.339622641509436,16516.0,16582.264150943396,349.21276595744683,349.77358490566036,0.2978723404255319,0.1320754716981132,27785.744680851065,27713.43396226415,49.191489361702125,50.62264150943396
l3137,exp31,751.4130434782609,751.8301886792453,753.1304347826087,753.2264150943396,133.1086956521739,133.1509433962264,0.0,0.0,2536.586956521739,1435.1698113207547,100.78260869565217,100.62264150943396,1192.9130434782608,1186.867924528302,9457.760869565218,9455.811320754718,9026.521739130434,8985.66037735849,-1199.108695652174,-400.3207547169811,27.869565217391305,26.79245283018868,16510.32608695652,16552.43396226415,19435.521739130436,19532.415094339623,-103.0,-38.867924528301884,16626.217391304348,16620.943396226416,348.9347826086956,349.35849056603774,0.1956521739130435,0.1509433962264151,27805.043478260868,27717.622641509435,49.26086956521739,50.64150943396226
l3130,exp31,751.6086956521739,751.8461538461538,753.1739130434783,753.3461538461538,132.8695652173913,133.44230769230768,0.043478260869565216,0.038461538461538464,2567.3695652173915,1443.8846153846155,100.34782608695652,100.5,1192.6304347826087,1187.4807692307693,9445.304347826086,9453.23076923077,9016.695652173914,8986.365384615385,-939.9782608695652,-332.38461538461536,28.17391304347826,26.76923076923077,16447.630434782608,16593.653846153848,19443.739130434784,19554.923076923078,-24.608695652173914,-97.88461538461539,16565.739130434784,16516.23076923077,349.5217391304348,349.0769230769231,0.30434782608695654,0.23076923076923078,27794.304347826088,27698.153846153848,49.76086956521739,50.67307692307692
l3111,exp31,751.5416666666666,751.7777777777778,753.25,753.3333333333334,133.58333333333334,133.25925925925927,0.020833333333333332,0.0,2574.9583333333335,1495.8333333333333,100.66666666666667,100.66666666666667,1192.8541666666667,1186.7962962962963,9465.708333333334,9454.148148148148,9032.645833333334,8997.333333333334,-1096.4375,-406.4074074074074,27.6875,26.61111111111111,16646.416666666668,16631.796296296296,19462.125,19551.62962962963,-60.958333333333336,111.48148148148148,16549.541666666668,16556.0,348.9166666666667,350.462962962963,0.3333333333333333,0.1111111111111111,27787.916666666668,27720.962962962964,49.854166666666664,50.7962962962963
l3133,exp31,751.4565217391304,751.8461538461538,753.1086956521739,753.25,133.04347826086956,133.01923076923077,0.0,0.0,2542.5,1434.3846153846155,100.82608695652173,100.75,1193.108695652174,1186.9807692307693,9483.260869565218,9458.711538461539,9022.369565217392,9013.115384615385,-1431.2173913043478,58.07692307692308,26.934782608695652,26.173076923076923,16722.32608695652,16700.78846153846,19424.608695652172,19541.80769230769,-63.34782608695652,-82.40384615384616,16658.695652173912,16593.846153846152,349.19565217391306,349.0769230769231,0.3695652173913043,0.11538461538461539,27818.304347826088,27679.615384615383,49.84782608695652,50.69230769230769
l3127,exp31,751.5531914893617,751.8679245283018,753.1702127659574,753.377358490566,133.36170212765958,133.47169811320754,0.02127659574468085,0.0,2573.6170212765956,1446.0,100.63829787234043,100.73584905660377,1192.3191489361702,1187.0566037735848,9472.872340425532,9466.207547169812,9021.63829787234,8992.358490566037,-1340.595744680851,-626.3396226415094,27.19148936170213,26.69811320754717,16683.617021276597,16699.075471698114,19456.63829787234,19550.037735849055,117.34042553191489,85.62264150943396,16532.72340425532,16516.264150943396,349.4255319148936,349.7358490566038,0.2978723404255319,0.16981132075471697,27786.0,27679.924528301886,49.851063829787236,50.77358490566038
l3116,exp31,751.5,751.7407407407408,753.1666666666666,753.2592592592592,132.83333333333334,132.94444444444446,0.0,0.037037037037037035,2571.2708333333335,1495.851851851852,100.58333333333333,100.48148148148148,1191.9375,1186.611111111111,9470.895833333334,9487.592592592593,9022.416666666666,8983.092592592593,-1384.5416666666667,255.42592592592592,27.791666666666668,26.72222222222222,16546.145833333332,16328.74074074074,19454.208333333332,19553.925925925927,-105.91666666666667,30.90740740740741,16492.75,16568.14814814815,348.6041666666667,349.3703703703704,0.375,0.14814814814814814,27791.333333333332,27760.222222222223,49.395833333333336,50.75925925925926
l3110,exp31,751.3617021276596,751.8888888888889,752.9787234042553,753.6666666666666,133.48936170212767,133.3148148148148,0.0,0.0,2577.2978723404253,1493.4814814814815,100.57446808510639,100.61111111111111,1193.8510638297873,1187.2962962962963,9439.978723404256,9458.611111111111,9033.63829787234,8998.462962962964,-932.4255319148937,-396.74074074074076,28.02127659574468,26.75925925925926,16501.936170212764,16624.314814814814,19469.063829787236,19519.85185185185,-32.59574468085106,-67.4074074074074,16616.0,16606.59259259259,349.1063829787234,349.35185185185185,0.2553191489361702,0.16666666666666666,27795.91489361702,27701.037037037036,49.638297872340424,50.68518518518518
l3126,exp31,751.5531914893617,751.8703703703703,753.1276595744681,753.2777777777778,133.27659574468086,133.1851851851852,0.0,0.018518518518518517,2575.255319148936,1455.2592592592594,100.63829787234043,100.53703703703704,1192.9787234042553,1186.9814814814815,9438.404255319148,9474.296296296296,9030.510638297872,8996.074074074075,-1317.3617021276596,-222.53703703703704,28.27659574468085,26.296296296296298,16506.68085106383,16676.61111111111,19437.82978723404,19540.51851851852,9.680851063829786,-71.83333333333333,16631.191489361703,16606.037037037036,348.72340425531917,348.5925925925926,0.40425531914893614,0.16666666666666666,27779.91489361702,27712.703703703704,49.276595744680854,50.629629629629626
l3136,exp31,751.4782608695652,751.75,753.1086956521739,753.3653846153846,133.1086956521739,133.03846153846155,0.0,0.019230769230769232,2542.804347826087,1435.8461538461538,100.69565217391305,100.73076923076923,1192.3478260869565,1187.1538461538462,9468.04347826087,9482.134615384615,9027.58695652174,8978.384615384615,-1461.391304347826,135.07692307692307,27.41304347826087,27.173076923076923,16675.847826086956,16339.48076923077,19427.434782608696,19583.69230769231,8.08695652173913,-13.615384615384615,16487.565217391304,16538.076923076922,350.3695652173913,349.2307692307692,0.2391304347826087,0.15384615384615385,27790.130434782608,27732.346153846152,49.32608695652174,50.61538461538461
l3113,exp31,751.5918367346939,751.7962962962963,752.8979591836735,753.1296296296297,132.85714285714286,133.07407407407408,0.02040816326530612,0.018518518518518517,2543.734693877551,1500.462962962963,100.46938775510205,100.51851851851852,1192.6938775510205,1186.9444444444443,9472.897959183674,9461.462962962964,9026.020408163266,8985.296296296296,-1179.938775510204,-399.4074074074074,27.46938775510204,26.64814814814815,16679.65306122449,16571.51851851852,19479.95918367347,19540.0,0.3877551020408163,-11.666666666666666,16516.081632653062,16550.333333333332,349.0408163265306,350.037037037037,0.2653061224489796,0.2962962962962963,27790.285714285714,27721.59259259259,49.36734693877551,50.666666666666664
l3119,exp31,751.5833333333334,751.8518518518518,753.25,753.3148148148148,133.27083333333334,133.2962962962963,0.0,0.0,2571.3125,1486.962962962963,100.5625,100.62962962962963,1191.9375,1186.7407407407406,9467.729166666666,9481.703703703704,9032.604166666666,8994.333333333334,-1151.2291666666667,-412.5740740740741,27.229166666666668,26.12962962962963,16683.25,16781.555555555555,19444.666666666668,19496.185185185186,-66.52083333333333,62.5,16586.291666666668,16638.11111111111,350.0625,348.6666666666667,0.25,0.16666666666666666,27803.958333333332,27747.88888888889,49.75,50.74074074074074
l3124,exp31,751.5208333333334,751.9074074074074,753.0625,753.3888888888889,133.04166666666666,133.61111111111111,0.0,0.0,2561.0416666666665,1464.2777777777778,100.72916666666667,100.74074074074075,1192.1041666666667,1186.5925925925926,9455.3125,9459.222222222223,9027.770833333334,9003.055555555555,-1308.8541666666667,15.333333333333334,27.708333333333332,26.01851851851852,16481.604166666668,16658.90740740741,19449.958333333332,19526.88888888889,16.833333333333332,-90.4074074074074,16437.875,16589.14814814815,349.9375,349.1666666666667,0.3958333333333333,0.1111111111111111,27807.333333333332,27683.25925925926,49.395833333333336,50.75925925925926
l3103,exp31,751.56,751.7857142857143,753.34,753.3571428571429,133.6,133.03571428571428,0.0,0.03571428571428571,2516.3,1500.2142857142858,100.54,100.83928571428571,1191.86,1187.0892857142858,9473.24,9477.910714285714,9020.28,8993.82142857143,-1136.78,-158.48214285714286,27.34,25.303571428571427,16538.08,16781.446428571428,19490.68,19570.785714285714,4.92,-32.089285714285715,16562.72,16529.964285714286,349.3,349.32142857142856,0.26,0.03571428571428571,27787.36,27705.85714285714,49.18,50.80357142857143
l3139,exp31,751.4565217391304,751.7884615384615,753.0,753.2115384615385,133.2391304347826,133.03846153846155,0.0,0.038461538461538464,2533.217391304348,1424.9615384615386,100.71739130434783,100.82692307692308,1191.695652173913,1187.3076923076924,9474.5,9464.384615384615,9022.45652173913,8992.615384615385,-1274.4565217391305,-181.82692307692307,27.434782608695652,26.865384615384617,16738.739130434784,16529.423076923078,19423.043478260868,19583.53846153846,85.69565217391305,-24.923076923076923,16472.304347826088,16509.423076923078,349.30434782608694,349.15384615384613,0.2826086956521739,0.1346153846153846,27799.17391304348,27680.23076923077,49.41304347826087,50.63461538461539
l3334,exp33,751.5,751.7692307692307,752.9130434782609,753.25,132.52173913043478,133.34615384615384,0.0,0.0,790.1086956521739,474.84615384615387,100.69565217391305,100.51923076923077,1234.608695652174,1229.923076923077,9428.108695652174,9403.846153846154,8982.739130434782,8967.557692307691,-858.9565217391304,-48.25,28.695652173913043,27.423076923076923,16677.130434782608,16675.923076923078,19294.347826086956,19379.423076923078,-35.69565217391305,53.07692307692308,16617.869565217392,16520.53846153846,348.5652173913044,349.5192307692308,0.2391304347826087,0.15384615384615385,28255.043478260868,28131.423076923078,49.15217391304348,50.76923076923077
l3330,exp33,751.6304347826087,751.8,753.1521739130435,753.14,133.15217391304347,133.38,0.021739130434782608,0.0,794.0869565217391,478.9,100.43478260869566,100.66,1235.6304347826087,1230.32,9442.58695652174,9419.78,8980.260869565218,8973.8,-1075.3695652173913,195.72,29.130434782608695,27.04,16512.0,16696.52,19313.347826086956,19382.12,-11.58695652173913,82.12,16524.434782608696,16547.08,348.5869565217391,350.54,0.15217391304347827,0.1,28223.217391304348,28127.84,49.17391304347826,50.72
l3331,exp33,751.4255319148937,751.8461538461538,753.2765957446809,753.3461538461538,133.5744680851064,133.30769230769232,0.0,0.0,790.5744680851063,481.84615384615387,100.23404255319149,100.3076923076923,1235.063829787234,1230.6538461538462,9424.212765957447,9410.326923076924,8987.936170212766,8972.846153846154,-858.6382978723404,132.46153846153845,28.659574468085108,27.057692307692307,16685.44680851064,16749.05769230769,19286.59574468085,19359.115384615383,-7.404255319148936,30.673076923076923,16564.978723404256,16532.153846153848,350.0,349.90384615384613,0.40425531914893614,0.057692307692307696,28239.702127659573,28150.115384615383,49.170212765957444,50.76923076923077
l3307,exp33,751.5531914893617,751.8490566037735,753.1489361702128,753.3018867924528,133.2340425531915,133.71698113207546,0.02127659574468085,0.018867924528301886,783.0212765957447,474.0943396226415,100.63829787234043,100.69811320754717,1233.340425531915,1229.9622641509434,9423.595744680852,9423.0,8995.234042553191,8980.037735849057,-1028.2553191489362,83.98113207547169,28.4468085106383,26.88679245283019,16520.787234042553,16727.056603773584,19308.17021276596,19392.56603773585,-7.191489361702128,-22.18867924528302,16502.893617021276,16513.622641509435,348.8936170212766,350.20754716981133,0.3191489361702128,0.11320754716981132,28220.127659574468,28116.415094339623,49.12765957446808,50.58490566037736
l3313,exp33,751.5434782608696,751.7358490566038,753.3478260869565,753.1698113207547,133.43478260869566,133.0566037735849,0.021739130434782608,0.018867924528301886,793.7608695652174,475.47169811320754,100.56521739130434,100.60377358490567,1233.3695652173913,1229.1698113207547,9426.282608695652,9450.622641509433,8990.869565217392,8961.547169811322,-1251.1304347826087,-279.7358490566038,28.97826086956522,28.339622641509433,16448.760869565216,16389.037735849055,19322.608695652172,19416.188679245282,-38.82608695652174,47.0377358490566,16509.521739130436,16552.188679245282,350.1521739130435,350.1509433962264,0.2391304347826087,0.09433962264150944,28219.043478260868,28123.132075471698,49.02173913043478,49.905660377358494
l3336,exp33,751.4347826086956,751.6938775510204,753.195652173913,753.1632653061224,133.3695652173913,133.57142857142858,0.0,0.02040816326530612,775.3478260869565,469.734693877551,100.30434782608695,100.59183673469387,1234.891304347826,1230.142857142857,9440.91304347826,9412.469387755102,8986.021739130434,8968.836734693878,-932.4347826086956,-36.46938775510204,28.434782608695652,27.755102040816325,16692.456521739132,16579.326530612245,19312.08695652174,19374.163265306124,-58.21739130434783,-21.285714285714285,16513.08695652174,16507.14285714286,348.2608695652174,348.6530612244898,0.17391304347826086,0.061224489795918366,28223.608695652172,28111.836734693876,49.15217391304348,50.795918367346935
l3316,exp33,751.5833333333334,751.6981132075472,753.2291666666666,753.3207547169811,133.45833333333334,133.33962264150944,0.041666666666666664,0.0,782.6458333333334,480.1698113207547,100.8125,100.54716981132076,1234.4375,1229.7924528301887,9438.666666666666,9411.88679245283,8993.208333333334,8990.698113207547,-1223.6875,332.39622641509436,28.541666666666668,27.11320754716981,16615.541666666668,16680.32075471698,19324.041666666668,19392.037735849055,63.083333333333336,117.77358490566037,16531.375,16507.77358490566,350.0416666666667,349.2641509433962,0.25,0.1320754716981132,28216.458333333332,28109.77358490566,49.104166666666664,50.56603773584906
l3324,exp33,751.5869565217391,751.8269230769231,753.2608695652174,753.0961538461538,133.93478260869566,133.34615384615384,0.021739130434782608,0.057692307692307696,807.1521739130435,486.61538461538464,100.52173913043478,100.67307692307692,1234.6739130434783,1229.9423076923076,9420.804347826086,9439.923076923076,8983.847826086956,8956.23076923077,-1035.1304347826087,-36.32692307692308,28.47826086956522,27.71153846153846,16518.043478260868,16293.48076923077,19288.347826086956,19376.96153846154,-4.065217391304348,-21.73076923076923,16584.91304347826,16554.5,349.39130434782606,349.0576923076923,0.30434782608695654,0.038461538461538464,28236.82608695652,28149.076923076922,49.108695652173914,50.61538461538461
l3301,exp33,751.5106382978723,751.811320754717,753.0425531914893,753.2830188679245,133.5531914893617,133.43396226415095,0.0,0.018867924528301886,758.0212765957447,467.49056603773585,100.76595744680851,100.56603773584905,1235.4468085106382,1230.1698113207547,9380.531914893618,9380.792452830188,8995.234042553191,8976.32075471698,-696.7021276595744,61.264150943396224,28.319148936170212,26.77358490566038,16564.787234042553,16616.54716981132,19318.212765957447,19378.603773584906,177.85106382978722,-40.132075471698116,16513.063829787236,16526.150943396227,349.59574468085106,351.1698113207547,0.2765957446808511,0.03773584905660377,28248.68085106383,28125.622641509435,49.170212765957444,50.81132075471698
l3332,exp33,751.4444444444445,751.82,753.0666666666667,753.34,133.15555555555557,133.66,0.0,0.02,792.7333333333333,474.38,100.71111111111111,100.7,1234.8222222222223,1229.3,9428.822222222223,9408.64,8985.222222222223,8969.96,-1356.3333333333333,32.84,28.88888888888889,27.44,16489.37777777778,16710.02,19293.955555555556,19405.12,-49.75555555555555,71.36,16502.0,16482.96,350.26666666666665,350.1,0.15555555555555556,0.06,28234.844444444443,28110.72,49.17777777777778,50.76
l3343,exp33,751.6,751.8269230769231,753.0888888888888,753.3653846153846,133.66666666666666,132.98076923076923,0.044444444444444446,0.0,774.9111111111112,462.4423076923077,100.35555555555555,100.82692307692308,1233.0222222222221,1230.1538461538462,9420.733333333334,9400.01923076923,8980.333333333334,8968.615384615385,-938.6888888888889,343.63461538461536,29.488888888888887,28.78846153846154,16631.933333333334,16711.44230769231,19285.28888888889,19368.96153846154,-3.2222222222222223,-34.73076923076923,16543.555555555555,16552.346153846152,349.24444444444447,348.63461538461536,0.17777777777777778,0.0,28246.044444444444,28150.96153846154,49.13333333333333,50.69230769230769
l3335,exp33,751.6521739130435,751.7884615384615,753.1086956521739,753.2884615384615,133.19565217391303,133.53846153846155,0.021739130434782608,0.0,780.195652173913,475.8076923076923,100.67391304347827,100.53846153846153,1234.6521739130435,1230.3076923076924,9423.58695652174,9403.48076923077,8986.565217391304,8957.884615384615,-634.5217391304348,-344.2307692307692,28.695652173913043,27.71153846153846,16645.021739130436,16661.634615384617,19283.956521739132,19362.26923076923,36.41304347826087,-86.98076923076923,16539.08695652174,16541.153846153848,349.0,349.34615384615387,0.2826086956521739,0.17307692307692307,28236.391304347828,28144.03846153846,49.17391304347826,50.76923076923077
l3321,exp33,751.5106382978723,751.8076923076923,753.2553191489362,753.1538461538462,133.4255319148936,133.25,0.0,0.019230769230769232,796.8085106382979,477.84615384615387,100.53191489361703,100.96153846153847,1233.5744680851064,1230.0192307692307,9451.63829787234,9440.096153846154,8980.617021276596,8968.134615384615,-1092.5744680851064,-346.59615384615387,28.574468085106382,28.403846153846153,16595.021276595744,16295.173076923076,19314.978723404256,19395.615384615383,-63.829787234042556,26.76923076923077,16590.382978723403,16547.384615384617,349.9148936170213,349.5,0.2553191489361702,0.09615384615384616,28206.72340425532,28104.96153846154,49.12765957446808,49.94230769230769
l3337,exp33,751.5217391304348,751.8490566037735,753.2173913043479,753.3018867924528,133.47826086956522,133.43396226415095,0.0,0.018867924528301886,780.0869565217391,471.52830188679246,100.76086956521739,100.58490566037736,1234.4130434782608,1230.6603773584907,9419.173913043478,9413.32075471698,8983.173913043478,8978.905660377359,-1038.5,119.98113207547169,28.630434782608695,27.22641509433962,16623.304347826088,16706.471698113208,19289.695652173912,19360.30188679245,13.891304347826088,-135.45283018867926,16524.565217391304,16510.830188679247,348.4782608695652,349.20754716981133,0.2608695652173913,0.09433962264150944,28253.478260869564,28128.188679245282,49.15217391304348,50.735849056603776
l3309,exp33,751.4468085106383,751.7962962962963,753.0851063829788,753.2222222222222,133.51063829787233,133.27777777777777,0.0,0.018518518518518517,792.936170212766,473.72222222222223,100.44680851063829,100.70370370370371,1234.404255319149,1230.3333333333333,9449.744680851063,9422.24074074074,8979.765957446809,8973.592592592593,-1188.8085106382978,92.20370370370371,28.617021276595743,27.27777777777778,16572.893617021276,16670.0,19307.23404255319,19426.85185185185,-25.106382978723403,-31.037037037037038,16556.08510638298,16481.74074074074,350.3829787234043,348.462962962963,0.2765957446808511,0.07407407407407407,28226.212765957447,28081.925925925927,49.08510638297872,50.46296296296296
l3305,exp33,751.6382978723404,751.8301886792453,753.2340425531914,753.2075471698113,133.27659574468086,133.43396226415095,0.02127659574468085,0.018867924528301886,782.7659574468086,472.54716981132077,100.59574468085107,100.67924528301887,1233.0,1229.9811320754718,9444.468085106382,9415.132075471698,8993.234042553191,8974.698113207547,-945.2765957446809,66.62264150943396,28.48936170212766,27.528301886792452,16585.574468085106,16645.43396226415,19296.382978723403,19382.377358490565,-130.17021276595744,-85.98113207547169,16613.787234042553,16543.056603773584,349.8510638297872,349.3018867924528,0.2127659574468085,0.05660377358490566,28232.127659574468,28121.66037735849,49.12765957446808,50.60377358490566
l3333,exp33,751.5434782608696,751.7692307692307,753.3913043478261,753.2692307692307,133.58695652173913,133.46153846153845,0.0,0.019230769230769232,786.804347826087,477.90384615384613,100.78260869565217,100.9423076923077,1234.5652173913043,1230.1538461538462,9433.065217391304,9410.461538461539,8975.152173913044,8970.596153846154,-1064.0434782608695,259.96153846153845,28.47826086956522,27.0,16684.82608695652,16747.48076923077,19289.782608695652,19362.423076923078,-9.521739130434783,-60.96153846153846,16529.695652173912,16514.423076923078,349.3478260869565,349.5,0.32608695652173914,0.057692307692307696,28228.82608695652,28153.153846153848,49.17391304347826,50.75
l3311,exp33,751.531914893617,751.8703703703703,753.0212765957447,753.425925925926,133.4255319148936,133.07407407407408,0.0,0.018518518518518517,788.6808510638298,476.25925925925924,100.72340425531915,100.64814814814815,1233.936170212766,1230.2222222222222,9432.829787234043,9435.166666666666,8989.872340425532,8981.12962962963,-1248.787234042553,204.9814814814815,28.93617021276596,27.203703703703702,16536.872340425532,16711.222222222223,19317.489361702126,19414.074074074073,-91.23404255319149,0.05555555555555555,16616.85106382979,16513.14814814815,349.4468085106383,349.0740740740741,0.2765957446808511,0.07407407407407407,28205.702127659573,28097.185185185186,49.12765957446808,50.574074074074076
l3342,exp33,751.5434782608696,751.8367346938776,753.2391304347826,753.2857142857143,132.8913043478261,132.79591836734693,0.0,0.0,759.4130434782609,463.8775510204082,100.26086956521739,100.26530612244898,1235.5,1230.8163265306123,9434.173913043478,9426.510204081633,8974.934782608696,8955.938775510203,-1240.3695652173913,-139.77551020408163,29.26086956521739,28.653061224489797,16395.608695652172,16317.591836734693,19306.434782608696,19369.632653061224,-45.23913043478261,54.3469387755102,16486.0,16566.979591836734,349.9782608695652,348.83673469387753,0.1956521739130435,0.08163265306122448,28223.17391304348,28126.0,49.15217391304348,50.6530612244898
l3322,exp33,751.6304347826087,751.8653846153846,753.1739130434783,753.2884615384615,133.32608695652175,133.48076923076923,0.021739130434782608,0.019230769230769232,804.195652173913,477.34615384615387,100.65217391304348,100.73076923076923,1234.0434782608695,1229.9615384615386,9443.804347826086,9414.846153846154,8996.326086956522,8976.23076923077,-599.6304347826087,14.961538461538462,28.152173913043477,27.692307692307693,16760.456521739132,16631.153846153848,19305.521739130436,19412.30769230769,-99.58695652173913,-26.673076923076923,16611.739130434784,16550.153846153848,350.2391304347826,349.34615384615387,0.32608695652173914,0.057692307692307696,28217.0,28083.576923076922,49.04347826086956,50.11538461538461
l3310,exp33,751.531914893617,751.7547169811321,753.0851063829788,753.0566037735849,133.14893617021278,133.1320754716981,0.0425531914893617,0.0,792.2553191489362,474.0188679245283,100.59574468085107,100.58490566037736,1233.468085106383,1230.1509433962265,9439.425531914894,9434.169811320755,8987.872340425532,8964.67924528302,-1115.8085106382978,-210.81132075471697,28.0,28.358490566037737,16704.744680851065,16271.754716981131,19313.659574468085,19413.35849056604,-44.0,-69.77358490566037,16492.340425531915,16559.811320754718,351.06382978723406,349.8867924528302,0.23404255319148937,0.1320754716981132,28197.27659574468,28101.66037735849,49.06382978723404,49.924528301886795
l3325,exp33,751.6304347826087,751.7755102040817,753.2173913043479,753.3673469387755,133.54347826086956,133.6530612244898,0.06521739130434782,0.0,807.9782608695652,485.9795918367347,100.6304347826087,100.83673469387755,1234.804347826087,1230.6326530612246,9443.91304347826,9431.857142857143,8970.239130434782,8968.367346938776,-974.4782608695652,247.0204081632653,27.652173913043477,26.122448979591837,16634.130434782608,16698.816326530614,19319.0,19396.61224489796,76.3913043478261,67.06122448979592,16536.260869565216,16517.30612244898,351.32608695652175,348.59183673469386,0.30434782608695654,0.02040816326530612,28236.260869565216,28118.04081632653,49.15217391304348,50.69387755102041
l3329,exp33,751.6444444444444,751.84,753.2666666666667,753.26,133.2,133.5,0.044444444444444446,0.0,804.2666666666667,480.86,100.5111111111111,100.5,1233.5333333333333,1230.92,9434.355555555556,9425.12,8991.555555555555,8964.88,-753.9777777777778,-29.26,28.555555555555557,27.24,16639.31111111111,16658.52,19278.48888888889,19373.6,64.4888888888889,-136.72,16503.955555555556,16558.68,349.6222222222222,349.04,0.3111111111111111,0.02,28232.8,28154.28,49.13333333333333,50.6
l3328,exp33,751.4468085106383,751.8823529411765,753.1063829787234,753.3725490196078,133.46808510638297,133.31372549019608,0.0,0.0,797.8297872340426,486.88235294117646,100.61702127659575,100.47058823529412,1234.936170212766,1230.0,9426.574468085106,9404.70588235294,8987.021276595744,8971.843137254902,-829.468085106383,303.94117647058823,28.617021276595743,27.058823529411764,16615.382978723403,16708.470588235294,19303.659574468085,19372.235294117647,39.808510638297875,-61.3921568627451,16552.72340425532,16535.607843137255,348.4255319148936,348.52941176470586,0.2127659574468085,0.058823529411764705,28243.957446808512,28150.07843137255,49.148936170212764,50.666666666666664
l3312,exp33,751.5106382978723,751.7358490566038,753.2127659574468,753.2830188679245,133.63829787234042,133.0754716981132,0.02127659574468085,0.0,783.0212765957447,478.1132075471698,100.61702127659575,100.56603773584905,1233.340425531915,1229.7735849056603,9415.04255319149,9428.490566037735,8989.659574468085,8972.0,-1182.468085106383,52.075471698113205,28.97872340425532,27.20754716981132,16545.297872340427,16694.094339622643,19328.978723404256,19402.905660377357,-38.702127659574465,-44.54716981132076,16512.936170212764,16515.735849056604,349.21276595744683,348.41509433962267,0.23404255319148937,0.11320754716981132,28195.744680851065,28094.56603773585,49.08510638297872,50.39622641509434
l3304,exp33,751.6122448979592,751.8518518518518,752.8571428571429,753.2777777777778,133.40816326530611,133.90740740740742,0.0,0.018518518518518517,770.5510204081633,472.1296296296296,100.46938775510205,100.68518518518519,1234.4285714285713,1230.5740740740741,9419.204081632653,9413.87037037037,9006.551020408164,8972.888888888889,-779.734693877551,-211.22222222222223,28.142857142857142,26.90740740740741,16648.48979591837,16730.574074074073,19319.673469387755,19383.51851851852,30.285714285714285,-12.148148148148149,16556.285714285714,16497.925925925927,349.6734693877551,350.22222222222223,0.22448979591836735,0.09259259259259259,28207.38775510204,28138.11111111111,49.142857142857146,50.592592592592595
l3338,exp33,751.6521739130435,751.8461538461538,753.1086956521739,753.3076923076923,133.08695652173913,133.23076923076923,0.0,0.0,769.3695652173913,470.7692307692308,100.08695652173913,100.51923076923077,1234.391304347826,1230.2884615384614,9424.41304347826,9435.01923076923,8982.152173913044,8966.98076923077,-672.0652173913044,-26.403846153846153,28.717391304347824,27.576923076923077,16664.260869565216,16576.23076923077,19297.956521739132,19356.46153846154,-0.1956521739130435,0.25,16557.260869565216,16539.153846153848,348.82608695652175,349.09615384615387,0.3695652173913043,0.07692307692307693,28248.130434782608,28149.76923076923,49.17391304347826,50.63461538461539
l3323,exp33,751.531914893617,751.75,753.3191489361702,753.3076923076923,133.36170212765958,133.34615384615384,0.02127659574468085,0.019230769230769232,795.6808510638298,478.53846153846155,100.55319148936171,100.86538461538461,1234.4468085106382,1229.923076923077,9425.425531914894,9422.23076923077,8990.446808510638,8972.903846153846,-958.7234042553191,35.65384615384615,29.0,28.076923076923077,16590.787234042553,16623.01923076923,19297.23404255319,19418.153846153848,-75.31914893617021,-47.5,16621.744680851065,16519.346153846152,349.59574468085106,349.38461538461536,0.2553191489361702,0.057692307692307696,28220.212765957447,28131.96153846154,49.08510638297872,49.94230769230769
l3327,exp33,751.5777777777778,751.84,753.1777777777778,753.28,133.8,133.36,0.0,0.0,811.2222222222222,482.78,100.4888888888889,100.76,1233.911111111111,1231.3,9423.955555555556,9421.88,8983.6,8967.24,-1209.3777777777777,-19.64,28.466666666666665,27.26,16619.866666666665,16681.26,19288.88888888889,19369.6,94.8,-89.86,16486.844444444443,16519.32,349.46666666666664,350.04,0.2222222222222222,0.04,28248.044444444444,28128.88,49.15555555555556,50.64
l3317,exp33,751.531914893617,751.7735849056604,753.2340425531914,753.0754716981132,132.85106382978722,133.64150943396226,0.0,0.0,794.6595744680851,478.77358490566036,100.53191489361703,100.69811320754717,1233.5531914893618,1229.8867924528302,9437.553191489362,9449.037735849057,8989.468085106382,8966.547169811322,-1280.7021276595744,-252.0566037735849,28.70212765957447,27.641509433962263,16620.85106382979,16662.32075471698,19310.08510638298,19401.43396226415,-79.85106382978724,-66.47169811320755,16556.042553191488,16537.66037735849,350.8510638297872,349.3207547169811,0.2553191489361702,0.05660377358490566,28210.55319148936,28122.867924528302,49.06382978723404,49.905660377358494
l3308,exp33,751.5957446808511,751.7735849056604,753.1489361702128,753.1132075471698,133.40425531914894,133.52830188679246,0.0425531914893617,0.0,784.5531914893617,474.24528301886795,100.61702127659575,100.79245283018868,1234.0,1229.3962264150944,9441.872340425532,9469.88679245283,8983.425531914894,8962.33962264151,-1180.3829787234042,-177.47169811320754,28.319148936170212,27.28301886792453,16670.425531914894,16575.528301886792,19311.744680851065,19386.33962264151,16.46808510638298,-131.96226415094338,16570.72340425532,16563.509433962263,347.8510638297872,348.9622641509434,0.2978723404255319,0.07547169811320754,28231.574468085106,28118.79245283019,49.1063829787234,50.490566037735846
l3326,exp33,751.5333333333333,751.86,753.3111111111111,753.52,133.37777777777777,133.22,0.022222222222222223,0.06,812.6444444444444,484.82,100.26666666666667,100.7,1233.7777777777778,1230.26,9443.711111111112,9439.22,8969.866666666667,8957.28,-1271.0444444444445,-147.64,29.022222222222222,28.1,16337.066666666668,16329.04,19326.533333333333,19386.24,56.4,-77.48,16460.266666666666,16576.64,349.1333333333333,348.52,0.2222222222222222,0.06,28230.977777777778,28122.52,49.13333333333333,50.64
